patient,PHLDA3,BRAF,RAS,driver
TCGA-4C-A93U,6.799165205224973,BRAF-mut,RAS-WT,BRAF V600E
TCGA-BJ-A0YZ,6.260654887530147,BRAF-WT,RAS-WT,WT/other
TCGA-BJ-A0Z0,4.632916396909623,BRAF-WT,RAS-WT,WT/other
TCGA-BJ-A0Z2,4.72844637633033,BRAF-WT,RAS-mut,RAS
TCGA-BJ-A0Z3,5.598531878114118,BRAF-mut,RAS-WT,BRAF V600E
TCGA-BJ-A0Z9,6.079039424013831,BRAF-mut,RAS-WT,BRAF V600E
TCGA-BJ-A0ZA,5.343020204395362,BRAF-WT,RAS-WT,WT/other
TCGA-BJ-A0ZB,5.776115711439765,BRAF-mut,RAS-WT,BRAF V600E
TCGA-BJ-A0ZC,4.473843033024921,BRAF-WT,RAS-WT,WT/other
TCGA-BJ-A0ZE,5.516758023359301,BRAF-WT,RAS-mut,RAS
TCGA-BJ-A0ZG,5.45570044065436,BRAF-WT,RAS-WT,WT/other
TCGA-BJ-A0ZH,6.176251452776679,BRAF-mut,RAS-WT,BRAF V600E
TCGA-BJ-A0ZJ,5.79081757405963,BRAF-WT,RAS-WT,WT/other
TCGA-BJ-A18Y,4.901416801144828,BRAF-WT,RAS-mut,RAS
TCGA-BJ-A18Z,5.874992705021079,BRAF-mut,RAS-WT,BRAF V600E
TCGA-BJ-A191,5.989788630805097,BRAF-WT,RAS-WT,WT/other
TCGA-BJ-A192,6.485048892393548,BRAF-WT,RAS-WT,WT/other
TCGA-BJ-A28R,5.831192062027714,BRAF-mut,RAS-WT,BRAF V600E
TCGA-BJ-A28S,4.522547250717867,BRAF-WT,RAS-WT,WT/other
TCGA-BJ-A28T,3.6102556959272336,BRAF-WT,RAS-WT,WT/other
TCGA-BJ-A28V,4.609744658817829,BRAF-WT,RAS-WT,WT/other
TCGA-BJ-A28X,5.432890609835391,BRAF-mut,RAS-WT,BRAF V600E
TCGA-BJ-A28Z,5.508982565180954,BRAF-WT,RAS-WT,WT/other
TCGA-BJ-A290,5.111412750025286,BRAF-mut,RAS-WT,BRAF V600E
TCGA-BJ-A291,5.318665751829718,BRAF-WT,RAS-WT,WT/other
TCGA-BJ-A2N7,4.607822014996338,BRAF-WT,RAS-mut,RAS
TCGA-BJ-A2N8,5.732542350293583,BRAF-WT,RAS-mut,RAS
TCGA-BJ-A2N9,3.631398308472754,BRAF-WT,RAS-WT,WT/other
TCGA-BJ-A2NA,6.485114935853968,BRAF-mut,RAS-WT,BRAF V600E
TCGA-BJ-A2P4,6.255974266848968,BRAF-WT,RAS-mut,RAS
TCGA-BJ-A3EZ,5.928723907940874,BRAF-mut,RAS-WT,BRAF V600E
TCGA-BJ-A3F0,5.915807356652161,BRAF-WT,RAS-WT,WT/other
TCGA-BJ-A3PR,5.692797144453615,BRAF-WT,RAS-WT,WT/other
TCGA-BJ-A3PT,6.13450236100995,BRAF-WT,RAS-mut,RAS
TCGA-BJ-A3PU,6.886213125541444,BRAF-mut,RAS-WT,BRAF V600E
TCGA-BJ-A45D,7.008190211376675,BRAF-WT,RAS-mut,RAS
TCGA-BJ-A45E,4.267010505855364,BRAF-WT,RAS-WT,WT/other
TCGA-BJ-A45F,4.882104677733441,BRAF-WT,RAS-mut,RAS
TCGA-BJ-A45G,5.617369961355976,BRAF-WT,RAS-mut,RAS
TCGA-BJ-A45H,5.370867516209387,BRAF-mut,RAS-WT,BRAF V600E
TCGA-BJ-A45I,6.298527505074198,BRAF-mut,RAS-WT,BRAF V600E
TCGA-BJ-A45J,5.671669641779762,BRAF-mut,RAS-WT,BRAF V600E
TCGA-BJ-A45K,5.050968206155638,BRAF-WT,RAS-WT,WT/other
TCGA-BJ-A4O8,6.080968987538877,BRAF-mut,RAS-WT,BRAF V600E
TCGA-BJ-A4O9,5.066422706604923,BRAF-mut,RAS-WT,BRAF V600E
TCGA-CE-A13K,6.09240078426058,BRAF-WT,RAS-WT,WT/other
TCGA-CE-A27D,5.944411205242016,BRAF-WT,RAS-WT,WT/other
TCGA-CE-A3MD,6.035951306955429,BRAF-WT,RAS-WT,WT/other
TCGA-CE-A3ME,5.87134680440913,BRAF-mut,RAS-WT,BRAF V600E
TCGA-CE-A481,5.637031400748341,BRAF-WT,RAS-WT,WT/other
TCGA-CE-A482,5.87204952135207,BRAF-WT,RAS-WT,WT/other
TCGA-CE-A483,5.155834496438663,BRAF-mut,RAS-WT,BRAF V600E
TCGA-CE-A484,5.641422792038518,BRAF-WT,RAS-WT,WT/other
TCGA-CE-A485,5.537096704762535,BRAF-WT,RAS-WT,WT/other
TCGA-DE-A0XZ,5.47106031401038,BRAF-mut,RAS-WT,BRAF V600E
TCGA-DE-A0Y2,5.368052233768944,BRAF-WT,RAS-WT,WT/other
TCGA-DE-A0Y3,5.74882219408363,BRAF-mut,RAS-WT,BRAF V600E
TCGA-DE-A2OL,4.994684025679625,BRAF-WT,RAS-WT,WT/other
TCGA-DE-A3KN,5.703996497420389,BRAF-WT,RAS-WT,WT/other
TCGA-DE-A4M8,4.909270556500211,BRAF-WT,RAS-WT,WT/other
TCGA-DE-A4M9,5.240733671615521,BRAF-WT,RAS-WT,WT/other
TCGA-DE-A4MA,7.048697091135784,BRAF-mut,RAS-WT,BRAF V600E
TCGA-DE-A4MB,6.530659610612687,BRAF-mut,RAS-WT,BRAF V600E
TCGA-DE-A4MC,6.067725186866966,BRAF-mut,RAS-WT,BRAF V600E
TCGA-DE-A4MD,6.66489180988405,BRAF-mut,RAS-WT,BRAF V600E
TCGA-DE-A69J,5.729160962774862,BRAF-mut,RAS-WT,BRAF V600E
TCGA-DE-A69K,5.608547418183275,BRAF-WT,RAS-WT,WT/other
TCGA-DE-A7U5,6.178069839495398,BRAF-mut,RAS-WT,BRAF V600E
TCGA-DJ-A13L,5.949847393231654,BRAF-mut,RAS-WT,BRAF V600E
TCGA-DJ-A13M,6.221155468658808,BRAF-WT,RAS-mut,RAS
TCGA-DJ-A13O,6.225467644554632,BRAF-mut,RAS-WT,BRAF V600E
TCGA-DJ-A13P,5.106863202213938,BRAF-mut,RAS-WT,BRAF V600E
TCGA-DJ-A13R,4.435167933835633,BRAF-WT,RAS-WT,WT/other
TCGA-DJ-A13S,5.155126029646614,BRAF-WT,RAS-mut,RAS
TCGA-DJ-A13T,5.3797464810912805,BRAF-mut,RAS-WT,BRAF V600E
TCGA-DJ-A13U,5.8904670874775364,BRAF-mut,RAS-WT,BRAF V600E
TCGA-DJ-A13V,4.889003403918544,BRAF-mut,RAS-WT,BRAF V600E
TCGA-DJ-A13W,4.10472516765293,BRAF-WT,RAS-WT,WT/other
TCGA-DJ-A13X,4.967007636345405,BRAF-mut,RAS-WT,BRAF V600E
TCGA-DJ-A1QD,5.17194152350812,BRAF-mut,RAS-WT,BRAF V600E
TCGA-DJ-A1QE,6.338551695226514,BRAF-mut,RAS-WT,BRAF V600E
TCGA-DJ-A1QF,5.156794483888918,BRAF-mut,RAS-WT,BRAF V600E
TCGA-DJ-A1QG,5.211952215826496,BRAF-WT,RAS-mut,RAS
TCGA-DJ-A1QH,5.780380391733196,BRAF-mut,RAS-WT,BRAF V600E
TCGA-DJ-A1QI,5.496835627374748,BRAF-mut,RAS-WT,BRAF V600E
TCGA-DJ-A1QL,5.305805039852283,BRAF-WT,RAS-WT,WT/other
TCGA-DJ-A1QM,4.974274485288083,BRAF-mut,RAS-WT,BRAF V600E
TCGA-DJ-A1QN,5.873379312614894,BRAF-mut,RAS-WT,BRAF V600E
TCGA-DJ-A1QO,6.071289026118277,BRAF-mut,RAS-WT,BRAF V600E
TCGA-DJ-A1QQ,5.429256783152366,BRAF-mut,RAS-WT,BRAF V600E
TCGA-DJ-A2PN,5.722475475356487,BRAF-mut,RAS-WT,BRAF V600E
TCGA-DJ-A2PO,5.52228491396639,BRAF-WT,RAS-WT,WT/other
TCGA-DJ-A2PP,4.85071922185666,BRAF-WT,RAS-mut,RAS
TCGA-DJ-A2PQ,5.018637807539289,BRAF-mut,RAS-WT,BRAF V600E
TCGA-DJ-A2PR,4.9009869338919065,BRAF-mut,RAS-WT,BRAF V600E
TCGA-DJ-A2PS,5.461370198956956,BRAF-mut,RAS-WT,BRAF V600E
TCGA-DJ-A2PT,6.918291311621574,BRAF-mut,RAS-WT,BRAF V600E
TCGA-DJ-A2PU,5.553323054182555,BRAF-mut,RAS-WT,BRAF V600E
TCGA-DJ-A2PV,5.110422290563421,BRAF-mut,RAS-WT,BRAF V600E
TCGA-DJ-A2PW,6.663525850478288,BRAF-mut,RAS-WT,BRAF V600E
TCGA-DJ-A2PX,5.394631077421935,BRAF-WT,RAS-WT,WT/other
TCGA-DJ-A2PY,5.631602100134155,BRAF-mut,RAS-WT,BRAF V600E
TCGA-DJ-A2PZ,6.394408489435793,BRAF-mut,RAS-WT,BRAF V600E
TCGA-DJ-A2Q0,4.478343041643841,BRAF-WT,RAS-WT,WT/other
TCGA-DJ-A2Q1,6.654735518872149,BRAF-WT,RAS-WT,WT/other
TCGA-DJ-A2Q2,4.539411366140771,BRAF-WT,RAS-WT,WT/other
TCGA-DJ-A2Q3,5.656032111733918,BRAF-mut,RAS-WT,BRAF V600E
TCGA-DJ-A2Q4,5.951543120232154,BRAF-mut,RAS-WT,BRAF V600E
TCGA-DJ-A2Q5,5.42648061706418,BRAF-mut,RAS-WT,BRAF V600E
TCGA-DJ-A2Q6,4.885336561185896,BRAF-mut,RAS-WT,BRAF V600E
TCGA-DJ-A2Q7,5.956243198459992,BRAF-mut,RAS-WT,BRAF V600E
TCGA-DJ-A2Q9,6.434190964709728,BRAF-WT,RAS-WT,WT/other
TCGA-DJ-A2QA,6.122979384276791,BRAF-mut,RAS-WT,BRAF V600E
TCGA-DJ-A2QB,4.8140254884929226,BRAF-WT,RAS-mut,RAS
TCGA-DJ-A2QC,6.164763168078775,BRAF-mut,RAS-WT,BRAF V600E
TCGA-DJ-A3UK,4.968342649742272,BRAF-mut,RAS-WT,BRAF V600E
TCGA-DJ-A3UM,5.833307703309733,BRAF-mut,RAS-WT,BRAF V600E
TCGA-DJ-A3UN,5.259968255423997,BRAF-mut,RAS-WT,BRAF V600E
TCGA-DJ-A3UO,5.801955072611964,BRAF-mut,RAS-WT,BRAF V600E
TCGA-DJ-A3UP,5.3017962962334,BRAF-WT,RAS-mut,RAS
TCGA-DJ-A3UQ,5.799717154291956,BRAF-mut,RAS-WT,BRAF V600E
TCGA-DJ-A3UR,5.526132822498826,BRAF-mut,RAS-WT,BRAF V600E
TCGA-DJ-A3US,5.049580737035168,BRAF-WT,RAS-WT,WT/other
TCGA-DJ-A3UT,5.206199943213304,BRAF-WT,RAS-mut,RAS
TCGA-DJ-A3UU,5.191073290498634,BRAF-mut,RAS-WT,BRAF V600E
TCGA-DJ-A3UW,5.9204414475136415,BRAF-mut,RAS-WT,BRAF V600E
TCGA-DJ-A3UX,5.027243797661337,BRAF-mut,RAS-WT,BRAF V600E
TCGA-DJ-A3UY,5.677477554697534,BRAF-mut,RAS-WT,BRAF V600E
TCGA-DJ-A3UZ,5.054514383621087,BRAF-WT,RAS-WT,WT/other
TCGA-DJ-A3V0,6.3059984735866035,BRAF-mut,RAS-WT,BRAF V600E
TCGA-DJ-A3V2,5.32439627652005,BRAF-mut,RAS-WT,BRAF V600E
TCGA-DJ-A3V3,5.957988509398223,BRAF-WT,RAS-WT,WT/other
TCGA-DJ-A3V4,5.58202173699366,BRAF-mut,RAS-WT,BRAF V600E
TCGA-DJ-A3V5,5.869492507593162,BRAF-mut,RAS-WT,BRAF V600E
TCGA-DJ-A3V7,5.989284391751089,BRAF-mut,RAS-WT,BRAF V600E
TCGA-DJ-A3V8,5.889338352889545,BRAF-mut,RAS-WT,BRAF V600E
TCGA-DJ-A3V9,5.772453178456683,BRAF-mut,RAS-WT,BRAF V600E
TCGA-DJ-A3VA,5.966561926666889,BRAF-mut,RAS-WT,BRAF V600E
TCGA-DJ-A3VB,6.80736673973119,BRAF-mut,RAS-WT,BRAF V600E
TCGA-DJ-A3VD,5.333524294362688,BRAF-mut,RAS-WT,BRAF V600E
TCGA-DJ-A3VE,6.208224627477032,BRAF-mut,RAS-WT,BRAF V600E
TCGA-DJ-A3VF,5.89117383343315,BRAF-mut,RAS-WT,BRAF V600E
TCGA-DJ-A3VG,5.253933248329675,BRAF-WT,RAS-mut,RAS
TCGA-DJ-A3VI,6.06502597452902,BRAF-mut,RAS-WT,BRAF V600E
TCGA-DJ-A3VJ,6.172705332967166,BRAF-mut,RAS-WT,BRAF V600E
TCGA-DJ-A3VK,4.979891354204121,BRAF-WT,RAS-WT,WT/other
TCGA-DJ-A3VL,5.618057677821985,BRAF-mut,RAS-WT,WT/other
TCGA-DJ-A3VM,4.764381103640831,BRAF-WT,RAS-WT,WT/other
TCGA-DJ-A4UL,6.108930411423055,BRAF-mut,RAS-WT,BRAF V600E
TCGA-DJ-A4UP,5.28466115869733,BRAF-WT,RAS-WT,WT/other
TCGA-DJ-A4UQ,5.88764834072406,BRAF-WT,RAS-WT,WT/other
TCGA-DJ-A4UR,6.027858318499246,BRAF-WT,RAS-mut,RAS
TCGA-DJ-A4UT,5.866814261272997,BRAF-WT,RAS-WT,WT/other
TCGA-DJ-A4UW,5.4821605915499525,BRAF-mut,RAS-WT,BRAF V600E
TCGA-DJ-A4V0,4.8646740854812975,BRAF-WT,RAS-WT,WT/other
TCGA-DJ-A4V2,6.154644505174457,BRAF-mut,RAS-WT,BRAF V600E
TCGA-DJ-A4V4,6.200624034745419,BRAF-mut,RAS-WT,BRAF V600E
TCGA-DJ-A4V5,6.170954719018282,BRAF-WT,RAS-WT,WT/other
TCGA-DO-A1JZ,6.552652485005714,BRAF-WT,RAS-WT,WT/other
TCGA-DO-A1K0,5.268247714479814,BRAF-mut,RAS-WT,BRAF V600E
TCGA-DO-A2HM,5.867541605896132,BRAF-WT,RAS-WT,WT/other
TCGA-E3-A3DY,5.401966281512393,BRAF-mut,RAS-WT,BRAF V600E
TCGA-E3-A3DZ,5.6720242992898156,BRAF-WT,RAS-mut,RAS
TCGA-E3-A3E0,5.146629524470725,BRAF-WT,RAS-WT,WT/other
TCGA-E3-A3E1,5.867104260893058,BRAF-mut,RAS-WT,BRAF V600E
TCGA-E3-A3E2,5.3169175725317315,BRAF-mut,RAS-WT,BRAF V600E
TCGA-E3-A3E3,5.627467984184248,BRAF-mut,RAS-WT,BRAF V600E
TCGA-E3-A3E5,5.48663412345913,BRAF-mut,RAS-WT,BRAF V600E
TCGA-E8-A242,6.6416649879674265,BRAF-mut,RAS-WT,BRAF V600E
TCGA-E8-A2EA,5.983693132483743,BRAF-mut,RAS-WT,BRAF V600E
TCGA-E8-A3X7,6.367448054680698,BRAF-mut,RAS-WT,BRAF V600E
TCGA-E8-A413,6.03866455563081,BRAF-mut,RAS-WT,BRAF V600E
TCGA-E8-A414,5.6594762729950805,BRAF-mut,RAS-WT,BRAF V600E
TCGA-E8-A415,5.737457853736157,BRAF-mut,RAS-WT,BRAF V600E
TCGA-E8-A416,4.687539674247142,BRAF-WT,RAS-WT,WT/other
TCGA-E8-A417,5.457539802094704,BRAF-mut,RAS-WT,BRAF V600E
TCGA-E8-A418,5.817348665406474,BRAF-mut,RAS-WT,BRAF V600E
TCGA-E8-A419,5.792730776003084,BRAF-mut,RAS-WT,BRAF V600E
TCGA-E8-A432,5.883790469078135,BRAF-WT,RAS-WT,WT/other
TCGA-E8-A433,6.5437055687054135,BRAF-mut,RAS-WT,BRAF V600E
TCGA-E8-A434,5.607006286005077,BRAF-mut,RAS-WT,BRAF V600E
TCGA-E8-A436,5.996723195160898,BRAF-mut,RAS-WT,BRAF V600E
TCGA-E8-A437,6.060322559605847,BRAF-mut,RAS-WT,BRAF V600E
TCGA-E8-A438,6.195622736391184,BRAF-WT,RAS-WT,WT/other
TCGA-E8-A44K,6.201432239470668,BRAF-mut,RAS-WT,BRAF V600E
TCGA-E8-A44M,4.935637689048662,BRAF-WT,RAS-WT,WT/other
TCGA-EL-A3CL,6.474238630267208,BRAF-mut,RAS-WT,BRAF V600E
TCGA-EL-A3CM,5.6794882138994085,BRAF-mut,RAS-WT,BRAF V600E
TCGA-EL-A3CN,5.677193870807759,BRAF-mut,RAS-WT,BRAF V600E
TCGA-EL-A3CO,5.225608515542038,BRAF-WT,RAS-WT,WT/other
TCGA-EL-A3CP,4.991472997986277,BRAF-mut,RAS-WT,BRAF V600E
TCGA-EL-A3CR,6.518692101502338,BRAF-mut,RAS-WT,BRAF V600E
TCGA-EL-A3CS,5.087108930545058,BRAF-mut,RAS-WT,BRAF V600E
TCGA-EL-A3CT,5.125070113643529,BRAF-mut,RAS-WT,BRAF V600E
TCGA-EL-A3CU,5.612690917745992,BRAF-mut,RAS-WT,BRAF V600E
TCGA-EL-A3CV,5.487403024748762,BRAF-mut,RAS-WT,BRAF V600E
TCGA-EL-A3CW,4.480769483305795,BRAF-WT,RAS-WT,WT/other
TCGA-EL-A3CX,6.986738134201914,BRAF-WT,RAS-WT,WT/other
TCGA-EL-A3CY,5.312057197220713,BRAF-WT,RAS-WT,WT/other
TCGA-EL-A3CZ,4.484626862760746,BRAF-WT,RAS-mut,RAS
TCGA-EL-A3D1,7.11977403167516,BRAF-mut,RAS-WT,BRAF V600E
TCGA-EL-A3D4,5.861397513761939,BRAF-WT,RAS-WT,WT/other
TCGA-EL-A3D6,5.61787416783048,BRAF-mut,RAS-WT,BRAF V600E
TCGA-EL-A3GO,4.845554168543851,BRAF-WT,RAS-WT,WT/other
TCGA-EL-A3GP,5.3720592218452605,BRAF-mut,RAS-WT,BRAF V600E
TCGA-EL-A3GQ,4.262088361013935,BRAF-mut,RAS-WT,BRAF V600E
TCGA-EL-A3GR,5.391293762489444,BRAF-mut,RAS-WT,BRAF V600E
TCGA-EL-A3GS,5.849172158336253,BRAF-mut,RAS-WT,BRAF V600E
TCGA-EL-A3GU,5.962752524904882,BRAF-mut,RAS-WT,BRAF V600E
TCGA-EL-A3GV,5.188792796750139,BRAF-mut,RAS-WT,BRAF V600E
TCGA-EL-A3GW,6.0593990375742415,BRAF-WT,RAS-mut,RAS
TCGA-EL-A3GX,6.006751631488746,BRAF-mut,RAS-WT,BRAF V600E
TCGA-EL-A3GY,5.674753193563879,BRAF-mut,RAS-WT,BRAF V600E
TCGA-EL-A3GZ,5.283691046635725,BRAF-mut,RAS-WT,BRAF V600E
TCGA-EL-A3H1,4.911510564991306,BRAF-WT,RAS-WT,WT/other
TCGA-EL-A3H2,5.101172879497705,BRAF-WT,RAS-WT,WT/other
TCGA-EL-A3H3,5.910456865963408,BRAF-WT,RAS-WT,WT/other
TCGA-EL-A3H4,5.009533933927664,BRAF-mut,RAS-WT,BRAF V600E
TCGA-EL-A3H5,5.106559141057615,BRAF-mut,RAS-WT,BRAF V600E
TCGA-EL-A3H7,5.764526930567594,BRAF-mut,RAS-WT,BRAF V600E
TCGA-EL-A3H8,5.503224586798408,BRAF-mut,RAS-WT,BRAF V600E
TCGA-EL-A3MW,5.2354343809511,BRAF-mut,RAS-WT,BRAF V600E
TCGA-EL-A3MX,6.793413551673591,BRAF-mut,RAS-WT,BRAF V600E
TCGA-EL-A3MY,6.101971794461505,BRAF-mut,RAS-WT,BRAF V600E
TCGA-EL-A3MZ,6.344011268202992,BRAF-mut,RAS-WT,BRAF V600E
TCGA-EL-A3N2,5.6355791425607915,BRAF-mut,RAS-WT,BRAF V600E
TCGA-EL-A3N3,5.894193063033177,BRAF-mut,RAS-WT,BRAF V600E
TCGA-EL-A3T0,5.136045259490298,BRAF-WT,RAS-WT,WT/other
TCGA-EL-A3T1,6.0648134089586,BRAF-mut,RAS-WT,BRAF V600E
TCGA-EL-A3T2,4.938959872122638,BRAF-WT,RAS-mut,RAS
TCGA-EL-A3T3,6.078815380430366,BRAF-mut,RAS-WT,BRAF V600E
TCGA-EL-A3T6,5.802441813389698,BRAF-mut,RAS-WT,BRAF V600E
TCGA-EL-A3T7,5.683343276970565,BRAF-mut,RAS-WT,BRAF V600E
TCGA-EL-A3T8,5.592219080107228,BRAF-mut,RAS-WT,BRAF V600E
TCGA-EL-A3T9,6.57179215106156,BRAF-WT,RAS-WT,WT/other
TCGA-EL-A3TA,5.519187117648452,BRAF-mut,RAS-WT,BRAF V600E
TCGA-EL-A3TB,5.994828190756926,BRAF-WT,RAS-WT,WT/other
TCGA-EL-A3ZG,5.10086481385426,BRAF-mut,RAS-WT,BRAF V600E
TCGA-EL-A3ZH,5.220473872169903,BRAF-WT,RAS-mut,RAS
TCGA-EL-A3ZK,6.529917814730352,BRAF-WT,RAS-WT,WT/other
TCGA-EL-A3ZL,5.1154023873864505,BRAF-mut,RAS-WT,BRAF V600E
TCGA-EL-A3ZN,5.213349431062818,BRAF-WT,RAS-WT,WT/other
TCGA-EL-A3ZO,7.414631949172392,BRAF-mut,RAS-WT,BRAF V600E
TCGA-EL-A3ZP,6.03616960109482,BRAF-WT,RAS-WT,WT/other
TCGA-EL-A3ZQ,6.242068713998948,BRAF-mut,RAS-WT,BRAF V600E
TCGA-EL-A3ZR,5.509631937450434,BRAF-WT,RAS-mut,RAS
TCGA-EL-A3ZS,5.657412119480019,BRAF-WT,RAS-WT,WT/other
TCGA-EL-A3ZT,6.027404396297224,BRAF-mut,RAS-WT,BRAF V600E
TCGA-EL-A4JV,5.103474902028652,BRAF-WT,RAS-mut,RAS
TCGA-EL-A4JW,6.097356899912125,BRAF-mut,RAS-WT,BRAF V600E
TCGA-EL-A4JX,6.4109732700832,BRAF-mut,RAS-WT,BRAF V600E
TCGA-EL-A4JZ,6.066131995336578,BRAF-mut,RAS-WT,BRAF V600E
TCGA-EL-A4K0,5.648365701556211,BRAF-mut,RAS-WT,BRAF V600E
TCGA-EL-A4K1,5.7301240556914985,BRAF-mut,RAS-WT,BRAF V600E
TCGA-EL-A4K2,5.007758800553036,BRAF-WT,RAS-mut,RAS
TCGA-EL-A4K4,6.188427350598989,BRAF-mut,RAS-WT,BRAF V600E
TCGA-EL-A4K6,4.40120524208547,BRAF-WT,RAS-mut,RAS
TCGA-EL-A4K7,6.723185450633553,BRAF-mut,RAS-WT,BRAF V600E
TCGA-EL-A4K9,6.3793757734530425,BRAF-mut,RAS-WT,BRAF V600E
TCGA-EL-A4KD,5.820039982383374,BRAF-WT,RAS-WT,WT/other
TCGA-EL-A4KG,6.7336094021022435,BRAF-mut,RAS-WT,BRAF V600E
TCGA-EL-A4KH,5.837011004991033,BRAF-mut,RAS-WT,BRAF V600E
TCGA-EL-A4KI,5.3186914086334465,BRAF-WT,RAS-mut,RAS
TCGA-EM-A1CS,5.322271017420886,BRAF-WT,RAS-WT,WT/other
TCGA-EM-A1CT,5.465334639645297,BRAF-mut,RAS-WT,BRAF V600E
TCGA-EM-A1CU,5.862181083551281,BRAF-mut,RAS-WT,BRAF V600E
TCGA-EM-A1CV,4.320615708697385,BRAF-mut,RAS-WT,BRAF V600E
TCGA-EM-A1CW,5.193473670513013,BRAF-WT,RAS-WT,WT/other
TCGA-EM-A1YA,5.318152457798401,BRAF-WT,RAS-WT,WT/other
TCGA-EM-A1YB,4.459069794428753,BRAF-WT,RAS-WT,WT/other
TCGA-EM-A1YC,4.938459301684095,BRAF-WT,RAS-WT,WT/other
TCGA-EM-A1YD,3.762508114907535,BRAF-WT,RAS-WT,WT/other
TCGA-EM-A1YE,5.747834258095318,BRAF-WT,RAS-WT,WT/other
TCGA-EM-A22I,6.059331800387852,BRAF-mut,RAS-WT,BRAF V600E
TCGA-EM-A22J,4.166242436835777,BRAF-WT,RAS-mut,RAS
TCGA-EM-A22K,4.923984482453379,BRAF-WT,RAS-mut,RAS
TCGA-EM-A22L,4.981720050581595,BRAF-WT,RAS-mut,RAS
TCGA-EM-A22M,5.279296462048264,BRAF-mut,RAS-WT,BRAF V600E
TCGA-EM-A22N,4.386890857192867,BRAF-WT,RAS-WT,WT/other
TCGA-EM-A22O,5.29262014873398,BRAF-mut,RAS-WT,BRAF V600E
TCGA-EM-A22P,5.574893801709674,BRAF-mut,RAS-WT,BRAF V600E
TCGA-EM-A22Q,6.944988366877822,BRAF-WT,RAS-mut,RAS
TCGA-EM-A2CJ,5.204196681011282,BRAF-WT,RAS-WT,WT/other
TCGA-EM-A2CK,4.880474658531071,BRAF-WT,RAS-mut,RAS
TCGA-EM-A2CL,5.315404644831824,BRAF-WT,RAS-WT,WT/other
TCGA-EM-A2CN,5.519037941388477,BRAF-WT,RAS-mut,RAS
TCGA-EM-A2CO,4.899902170798782,BRAF-WT,RAS-WT,WT/other
TCGA-EM-A2CP,4.164709260273871,BRAF-WT,RAS-WT,WT/other
TCGA-EM-A2CQ,4.134449804846085,BRAF-WT,RAS-mut,RAS
TCGA-EM-A2CR,6.598141381012386,BRAF-WT,RAS-mut,RAS
TCGA-EM-A2CT,4.766358766762654,BRAF-WT,RAS-mut,RAS
TCGA-EM-A2CU,6.465845061944889,BRAF-WT,RAS-WT,WT/other
TCGA-EM-A2OV,4.150981130269017,BRAF-WT,RAS-WT,WT/other
TCGA-EM-A2OW,3.927495314725152,BRAF-WT,RAS-WT,WT/other
TCGA-EM-A2OX,6.094181402638275,BRAF-mut,RAS-WT,BRAF V600E
TCGA-EM-A2OY,4.126150469577478,BRAF-WT,RAS-WT,WT/other
TCGA-EM-A2OZ,5.662889723985754,BRAF-mut,RAS-WT,BRAF V600E
TCGA-EM-A2P0,5.4437042782550575,BRAF-mut,RAS-WT,BRAF V600E
TCGA-EM-A2P1,4.882101661627084,BRAF-mut,RAS-WT,BRAF V600E
TCGA-EM-A2P2,5.576009690867449,BRAF-WT,RAS-WT,WT/other
TCGA-EM-A2P3,6.149365249242014,BRAF-mut,RAS-WT,BRAF V600E
TCGA-EM-A3AI,5.203658028872482,BRAF-WT,RAS-WT,WT/other
TCGA-EM-A3AJ,5.394004812712171,BRAF-WT,RAS-WT,WT/other
TCGA-EM-A3AK,5.441654831931998,BRAF-mut,RAS-WT,BRAF V600E
TCGA-EM-A3AL,4.792020605258138,BRAF-WT,RAS-WT,WT/other
TCGA-EM-A3AN,5.769914557382714,BRAF-WT,RAS-WT,WT/other
TCGA-EM-A3AO,5.251509144859384,BRAF-WT,RAS-WT,WT/other
TCGA-EM-A3AP,5.901240721932774,BRAF-WT,RAS-mut,RAS
TCGA-EM-A3AQ,6.081230841314545,BRAF-WT,RAS-WT,WT/other
TCGA-EM-A3AR,4.599984794086578,BRAF-mut,RAS-WT,BRAF V600E
TCGA-EM-A3FJ,5.6311169487205515,BRAF-mut,RAS-WT,BRAF V600E
TCGA-EM-A3FK,5.968339835496469,BRAF-mut,RAS-WT,BRAF V600E
TCGA-EM-A3FL,4.099262634328492,BRAF-WT,RAS-WT,WT/other
TCGA-EM-A3FM,6.653536850360856,BRAF-mut,RAS-WT,BRAF V600E
TCGA-EM-A3FN,4.395424464675614,BRAF-WT,RAS-WT,WT/other
TCGA-EM-A3FO,6.085603028668092,BRAF-mut,RAS-WT,BRAF V600E
TCGA-EM-A3FP,6.398003777922499,BRAF-WT,RAS-WT,WT/other
TCGA-EM-A3FQ,6.295903908410862,BRAF-WT,RAS-WT,WT/other
TCGA-EM-A3FR,3.386446674443897,BRAF-WT,RAS-WT,WT/other
TCGA-EM-A3O3,7.533342292755117,BRAF-mut,RAS-WT,BRAF V600E
TCGA-EM-A3O6,3.988734558797088,BRAF-WT,RAS-WT,WT/other
TCGA-EM-A3O7,5.438883702845589,BRAF-mut,RAS-WT,BRAF V600E
TCGA-EM-A3O8,4.340769717047609,BRAF-mut,RAS-WT,WT/other
TCGA-EM-A3OA,4.817886086269933,BRAF-WT,RAS-mut,RAS
TCGA-EM-A3OB,5.540517117962826,BRAF-WT,RAS-mut,RAS
TCGA-EM-A3ST,6.617523250213317,BRAF-WT,RAS-mut,RAS
TCGA-EM-A3SU,6.39106454996004,BRAF-mut,RAS-WT,BRAF V600E
TCGA-EM-A3SX,5.297908672174414,BRAF-mut,RAS-WT,BRAF V600E
TCGA-EM-A3SY,4.020182716514296,BRAF-WT,RAS-WT,WT/other
TCGA-EM-A3SZ,6.018266456376468,BRAF-mut,RAS-WT,BRAF V600E
TCGA-EM-A4FF,5.797647715502228,BRAF-mut,RAS-WT,BRAF V600E
TCGA-EM-A4FH,4.879065300651359,BRAF-WT,RAS-WT,WT/other
TCGA-EM-A4FK,5.182796399227265,BRAF-WT,RAS-mut,RAS
TCGA-EM-A4FM,6.401756384830407,BRAF-mut,RAS-WT,BRAF V600E
TCGA-EM-A4FN,6.579245644180655,BRAF-mut,RAS-WT,BRAF V600E
TCGA-EM-A4FO,5.720191186819013,BRAF-mut,RAS-WT,BRAF V600E
TCGA-EM-A4FQ,5.93477450720021,BRAF-mut,RAS-WT,BRAF V600E
TCGA-EM-A4FR,6.2736361456184335,BRAF-WT,RAS-WT,WT/other
TCGA-EM-A4FU,5.8848814072704,BRAF-WT,RAS-mut,RAS
TCGA-EM-A4FV,5.842870292221507,BRAF-mut,RAS-mut,BRAF V600E
TCGA-EM-A4G1,5.013480259771848,BRAF-WT,RAS-mut,RAS
TCGA-ET-A25G,6.08480015986735,BRAF-mut,RAS-WT,BRAF V600E
TCGA-ET-A25I,5.126425051596092,BRAF-WT,RAS-mut,RAS
TCGA-ET-A25K,5.064425092598715,BRAF-mut,RAS-WT,BRAF V600E
TCGA-ET-A25M,5.797034216021177,BRAF-WT,RAS-WT,WT/other
TCGA-ET-A25O,5.572892655740016,BRAF-mut,RAS-WT,BRAF V600E
TCGA-ET-A25R,5.77863882762661,BRAF-mut,RAS-WT,BRAF V600E
TCGA-ET-A2MX,6.090129375349011,BRAF-WT,RAS-WT,WT/other
TCGA-ET-A2MY,6.040869571519941,BRAF-mut,RAS-WT,BRAF V600E
TCGA-ET-A2MZ,4.969364326262832,BRAF-mut,RAS-WT,BRAF V600E
TCGA-ET-A2N0,6.250196022461415,BRAF-mut,RAS-WT,BRAF V600E
TCGA-ET-A2N3,5.257271180772257,BRAF-WT,RAS-WT,WT/other
TCGA-ET-A2N4,5.946088298221229,BRAF-mut,RAS-WT,BRAF V600E
TCGA-ET-A2N5,4.679387279376943,BRAF-WT,RAS-mut,RAS
TCGA-ET-A39I,5.3969495688654705,BRAF-WT,RAS-mut,RAS
TCGA-ET-A39J,5.607605127682215,BRAF-mut,RAS-WT,BRAF V600E
TCGA-ET-A39K,6.419748721982552,BRAF-mut,RAS-WT,BRAF V600E
TCGA-ET-A39L,5.012416667555296,BRAF-WT,RAS-WT,WT/other
TCGA-ET-A39M,6.07302250685841,BRAF-mut,RAS-WT,BRAF V600E
TCGA-ET-A39N,7.215479964236625,BRAF-WT,RAS-WT,WT/other
TCGA-ET-A39O,6.097439188656413,BRAF-mut,RAS-WT,BRAF V600E
TCGA-ET-A39P,6.493870891997787,BRAF-mut,RAS-WT,BRAF V600E
TCGA-ET-A39R,5.569492243275243,BRAF-WT,RAS-WT,WT/other
TCGA-ET-A39S,5.493491492031076,BRAF-mut,RAS-WT,BRAF V600E
TCGA-ET-A39T,5.55441810898663,BRAF-mut,RAS-WT,BRAF V600E
TCGA-ET-A3BN,5.534363185865671,BRAF-WT,RAS-WT,WT/other
TCGA-ET-A3BO,5.801993450687735,BRAF-mut,RAS-WT,BRAF V600E
TCGA-ET-A3BP,6.613235608056576,BRAF-mut,RAS-WT,BRAF V600E
TCGA-ET-A3BQ,5.466148693069041,BRAF-mut,RAS-WT,BRAF V600E
TCGA-ET-A3BS,4.6065944761561575,BRAF-mut,RAS-WT,BRAF V600E
TCGA-ET-A3BT,6.080497716659876,BRAF-mut,RAS-WT,BRAF V600E
TCGA-ET-A3BU,5.980144741929664,BRAF-mut,RAS-WT,BRAF V600E
TCGA-ET-A3BV,6.668353098136582,BRAF-mut,RAS-WT,BRAF V600E
TCGA-ET-A3BW,5.185905791941186,BRAF-mut,RAS-WT,BRAF V600E
TCGA-ET-A3BX,6.057110858256974,BRAF-mut,RAS-WT,BRAF V600E
TCGA-ET-A3DO,5.526822500800015,BRAF-mut,RAS-WT,BRAF V600E
TCGA-ET-A3DP,5.063619391972509,BRAF-mut,RAS-WT,BRAF V600E
TCGA-ET-A3DQ,5.854651754621296,BRAF-WT,RAS-WT,WT/other
TCGA-ET-A3DR,5.4162969948089215,BRAF-WT,RAS-WT,WT/other
TCGA-ET-A3DS,3.8298394670466807,BRAF-WT,RAS-WT,WT/other
TCGA-ET-A3DU,5.633398712777903,BRAF-mut,RAS-WT,BRAF V600E
TCGA-ET-A3DV,4.771877647857701,BRAF-WT,RAS-WT,WT/other
TCGA-ET-A3DW,5.952567300459998,BRAF-mut,RAS-WT,BRAF V600E
TCGA-ET-A40P,5.884992161939702,BRAF-WT,RAS-mut,RAS
TCGA-ET-A40Q,6.317185340938985,BRAF-mut,RAS-WT,BRAF V600E
TCGA-ET-A40R,5.5737569661841,BRAF-WT,RAS-WT,WT/other
TCGA-ET-A40S,6.5993802960623675,BRAF-WT,RAS-WT,WT/other
TCGA-ET-A40T,5.80713129371582,BRAF-WT,RAS-WT,WT/other
TCGA-ET-A4KN,6.882481932118578,BRAF-WT,RAS-WT,WT/other
TCGA-ET-A4KQ,5.076594682258017,BRAF-mut,RAS-WT,WT/other
TCGA-FE-A22Z,5.524106142377945,BRAF-mut,RAS-WT,BRAF V600E
TCGA-FE-A230,4.102561646389022,BRAF-mut,RAS-WT,BRAF V600E
TCGA-FE-A231,6.394027481780155,BRAF-mut,RAS-WT,BRAF V600E
TCGA-FE-A232,6.048926916753308,BRAF-mut,RAS-WT,BRAF V600E
TCGA-FE-A233,5.540477272464194,BRAF-mut,RAS-WT,BRAF V600E
TCGA-FE-A234,5.872780922173589,BRAF-mut,RAS-WT,BRAF V600E
TCGA-FE-A235,5.94194719527035,BRAF-mut,RAS-WT,BRAF V600E
TCGA-FE-A236,5.663542433060436,BRAF-mut,RAS-WT,BRAF V600E
TCGA-FE-A237,5.514562100138046,BRAF-mut,RAS-WT,BRAF V600E
TCGA-FE-A239,2.239509513561061,BRAF-WT,RAS-WT,WT/other
TCGA-FE-A23A,5.946750771069848,BRAF-mut,RAS-WT,BRAF V600E
TCGA-FE-A3PA,6.296706650816212,BRAF-WT,RAS-WT,WT/other
TCGA-FE-A3PB,6.219510330849795,BRAF-mut,RAS-WT,BRAF V600E
TCGA-FE-A3PC,5.822133053320052,BRAF-mut,RAS-WT,BRAF V600E
TCGA-FE-A3PD,5.410301890353786,BRAF-WT,RAS-WT,WT/other
TCGA-FK-A3S3,5.262176325462966,BRAF-WT,RAS-WT,WT/other
TCGA-FK-A3SB,5.271185629854005,BRAF-mut,RAS-WT,BRAF V600E
TCGA-FK-A3SD,5.808237298332876,BRAF-WT,RAS-WT,WT/other
TCGA-FK-A3SE,5.434246855204766,BRAF-WT,RAS-WT,WT/other
TCGA-FK-A3SG,5.664381133932619,BRAF-WT,RAS-WT,WT/other
TCGA-FK-A3SH,7.074542867694978,BRAF-mut,RAS-WT,BRAF V600E
TCGA-FK-A4UB,6.413391034023484,BRAF-WT,RAS-WT,WT/other
TCGA-FY-A2QD,4.024834072476656,BRAF-WT,RAS-WT,WT/other
TCGA-FY-A3BL,5.640406000187278,BRAF-mut,RAS-WT,BRAF V600E
TCGA-FY-A3I4,6.106293131757601,BRAF-mut,RAS-WT,BRAF V600E
TCGA-FY-A3I5,3.9798234074522942,BRAF-WT,RAS-WT,WT/other
TCGA-FY-A3NM,4.684769080215525,BRAF-WT,RAS-WT,WT/other
TCGA-FY-A3NN,5.354713421642137,BRAF-mut,RAS-WT,BRAF V600E
TCGA-FY-A3NP,5.760124594984984,BRAF-WT,RAS-mut,RAS
TCGA-FY-A3ON,6.310118111394882,BRAF-mut,RAS-WT,BRAF V600E
TCGA-FY-A3R6,5.699404867364601,BRAF-WT,RAS-WT,WT/other
TCGA-FY-A3R7,5.6176196166848325,BRAF-mut,RAS-WT,BRAF V600E
TCGA-FY-A3R8,5.817136709183097,BRAF-mut,RAS-WT,BRAF V600E
TCGA-FY-A3R9,3.334429884199194,BRAF-WT,RAS-mut,RAS
TCGA-FY-A3RA,5.725004009920711,BRAF-mut,RAS-WT,BRAF V600E
TCGA-FY-A3TY,5.470464794584544,BRAF-mut,RAS-WT,BRAF V600E
TCGA-FY-A3W9,4.3732468911323465,BRAF-WT,RAS-mut,RAS
TCGA-FY-A3WA,3.4617912230670864,BRAF-WT,RAS-WT,WT/other
TCGA-FY-A3YR,5.850816069924806,BRAF-mut,RAS-WT,BRAF V600E
TCGA-FY-A40K,5.222700480837244,BRAF-mut,RAS-WT,BRAF V600E
TCGA-FY-A40L,6.342601576181217,BRAF-mut,RAS-WT,BRAF V600E
TCGA-FY-A40M,6.711955198299987,BRAF-WT,RAS-WT,WT/other
TCGA-FY-A40N,5.356719963211677,BRAF-WT,RAS-WT,WT/other
TCGA-FY-A4B0,5.662615925527789,BRAF-WT,RAS-WT,WT/other
TCGA-FY-A4B3,6.696842402562147,BRAF-mut,RAS-WT,BRAF V600E
TCGA-FY-A4B4,6.27097050212134,BRAF-mut,RAS-WT,BRAF V600E
TCGA-FY-A76V,5.262703632908526,BRAF-WT,RAS-WT,WT/other
TCGA-GE-A2C6,5.504798605550037,BRAF-mut,RAS-WT,BRAF V600E
TCGA-H2-A26U,6.595466132568702,BRAF-mut,RAS-WT,BRAF V600E
TCGA-H2-A2K9,5.378669455459459,BRAF-WT,RAS-mut,RAS
TCGA-H2-A3RH,6.688714452500679,BRAF-WT,RAS-mut,RAS
TCGA-H2-A3RI,5.311238534241736,BRAF-mut,RAS-WT,BRAF V600E
TCGA-H2-A421,6.085822620170449,BRAF-mut,RAS-WT,BRAF V600E
TCGA-H2-A422,5.6430253044257475,BRAF-mut,RAS-WT,BRAF V600E
TCGA-IM-A3EB,6.697027496746833,BRAF-mut,RAS-WT,BRAF V600E
TCGA-IM-A3ED,5.388754155078997,BRAF-mut,RAS-WT,BRAF V600E
TCGA-IM-A3U2,6.924060179746753,BRAF-mut,RAS-WT,BRAF V600E
TCGA-IM-A3U3,5.918835680437543,BRAF-mut,RAS-WT,BRAF V600E
TCGA-IM-A41Y,5.695763675289302,BRAF-mut,RAS-WT,BRAF V600E
TCGA-IM-A420,6.084135839496382,BRAF-mut,RAS-WT,BRAF V600E
TCGA-IM-A4EB,6.112809695979109,BRAF-mut,RAS-WT,BRAF V600E
TCGA-J8-A3NZ,6.023347197574073,BRAF-mut,RAS-WT,BRAF V600E
TCGA-J8-A3O0,6.1609956579946505,BRAF-WT,RAS-mut,RAS
TCGA-J8-A3O1,5.851870303271293,BRAF-WT,RAS-WT,WT/other
TCGA-J8-A3O2,5.74590006078215,BRAF-mut,RAS-WT,BRAF V600E
TCGA-J8-A3YD,5.372061354805354,BRAF-mut,RAS-WT,BRAF V600E
TCGA-J8-A3YE,5.63997176457661,BRAF-mut,RAS-WT,BRAF V600E
TCGA-J8-A3YF,5.638106251896364,BRAF-mut,RAS-WT,BRAF V600E
TCGA-J8-A3YG,6.31062618292528,BRAF-mut,RAS-WT,BRAF V600E
TCGA-J8-A3YH,5.809385377982499,BRAF-mut,RAS-WT,BRAF V600E
TCGA-J8-A42S,6.052372324388427,BRAF-mut,RAS-WT,BRAF V600E
TCGA-J8-A4HW,5.8349252860221865,BRAF-WT,RAS-WT,WT/other
TCGA-J8-A4HY,5.659973746177238,BRAF-mut,RAS-WT,BRAF V600E
TCGA-KS-A41F,6.048135890721269,BRAF-mut,RAS-WT,BRAF V600E
TCGA-KS-A41I,5.760594087719727,BRAF-WT,RAS-mut,RAS
TCGA-KS-A41J,6.403486142111411,BRAF-mut,RAS-WT,BRAF V600E
TCGA-KS-A41L,4.783282658891178,BRAF-WT,RAS-WT,WT/other
TCGA-KS-A4I1,7.288942597156851,BRAF-mut,RAS-WT,BRAF V600E
TCGA-KS-A4I3,6.131491047643664,BRAF-mut,RAS-WT,BRAF V600E
TCGA-KS-A4I5,6.1832465083495,BRAF-mut,RAS-WT,BRAF V600E
TCGA-KS-A4I7,6.052734183309293,BRAF-mut,RAS-WT,BRAF V600E
TCGA-KS-A4I9,5.88085849091377,BRAF-mut,RAS-WT,BRAF V600E
TCGA-KS-A4IB,6.4985398607092835,BRAF-mut,RAS-WT,BRAF V600E
TCGA-KS-A4IC,6.335046981254765,BRAF-mut,RAS-WT,BRAF V600E
TCGA-KS-A4ID,5.959015371883207,BRAF-WT,RAS-WT,WT/other
TCGA-L6-A4EP,6.452756161541678,BRAF-mut,RAS-WT,BRAF V600E
TCGA-L6-A4EQ,5.90337051463349,BRAF-mut,RAS-WT,BRAF V600E
TCGA-L6-A4ET,5.733524864443349,BRAF-mut,RAS-WT,BRAF V600E
TCGA-L6-A4EU,7.236304204369493,BRAF-mut,RAS-WT,BRAF V600E
TCGA-MK-A4N6,5.794824061734882,BRAF-mut,RAS-WT,BRAF V600E
TCGA-MK-A4N7,5.303417637126807,BRAF-mut,RAS-WT,BRAF V600E
TCGA-MK-A4N9,5.180652528524808,BRAF-mut,RAS-WT,BRAF V600E
TCGA-MK-A84Z,5.5089937748850195,BRAF-WT,RAS-mut,RAS
TCGA-QD-A8IV,4.886281934201158,BRAF-WT,RAS-mut,RAS
